{
  "random_forest": {
    "train": {
      "rmse": 19.128592775446847,
      "mae": 12.091371137351734,
      "r2": 0.9765487172423635,
      "mape": 28.234811858700194
    },
    "test": {
      "rmse": 48.99023722732786,
      "mae": 32.29723899736545,
      "r2": 0.8470585950564039,
      "mape": 70.87643235872244
    },
    "cv": {
      "mean_rmse": 51.895027894217414,
      "std_rmse": 1.7173838421097216
    },
    "timing": {
      "train_time_seconds": 39.47091722488403,
      "inference_time_ms": 0.052828470865885414
    },
    "best_params": {
      "max_depth": 25,
      "max_features": "sqrt",
      "min_samples_split": 2,
      "n_estimators": 300
    }
  },
  "gradient_boosting": {
    "train": {
      "rmse": 27.42871544772043,
      "mae": 17.025958489740674,
      "r2": 0.9517817440590276,
      "mape": 38.90418943332783
    },
    "test": {
      "rmse": 40.83576053932384,
      "mae": 25.312497500561186,
      "r2": 0.8937357240702014,
      "mape": 51.70665385207784
    },
    "cv": {
      "mean_rmse": 43.76229956804035,
      "std_rmse": 1.4998383814686276
    },
    "timing": {
      "train_time_seconds": 54.48505711555481,
      "inference_time_ms": 0.03003056844075521
    },
    "best_params": {
      "learning_rate": 0.05,
      "max_depth": 7,
      "n_estimators": 200,
      "subsample": 0.8
    }
  },
  "ridge_regression": {
    "train": {
      "rmse": 83.48411029370372,
      "mae": 64.4425897710346,
      "r2": 0.5533079675530524,
      "mape": 226.62110775833585
    },
    "test": {
      "rmse": 84.13651111199287,
      "mae": 65.72471487299778,
      "r2": 0.5488977546628241,
      "mape": 201.51476608336694
    },
    "cv": {
      "mean_rmse": 83.63957837560218,
      "std_rmse": 2.900522893667062
    },
    "timing": {
      "train_time_seconds": 0.10177421569824219,
      "inference_time_ms": 0.00048351287841796875
    },
    "best_params": {
      "alpha": 1.0
    }
  }
}