{
  "train": {
    "rmse": 36.60790344312445,
    "mae": 23.931391446549675,
    "r2": 0.914108482778706
  },
  "test": {
    "rmse": 51.66548874862848,
    "mae": 34.82332490351694,
    "r2": 0.8298989185746632
  }
}